"Date","Open","High","Low","Close","Volume"
"2025-08-21","4120","4190","3960","4090","57250100"
"2025-08-22","4100","4120","4050","4050","26128400"
"2025-08-25","4070","4100","3960","4000","37128300"
"2025-08-26","4000","4010","3910","4010","104270500"
"2025-08-27","3970","4090","3950","3960","52837100"
"2025-08-28","4000","4020","3880","3910","39927800"
"2025-08-29","3800","3850","3600","3790","117258100"
"2025-09-01","3540","3800","3520","3700","76104800"
"2025-09-02","3740","3800","3730","3750","25294900"
"2025-09-03","3800","3820","3700","3700","16986200"
"2025-09-04","3700","3760","3680","3690","22053000"
"2025-09-08","3690","3710","3520","3520","35700800"
"2025-09-09","3500","3620","3370","3470","50194600"
"2025-09-10","3510","3530","3460","3480","21712400"
"2025-09-11","3480","3780","3480","3720","70476300"
"2025-09-12","3750","3920","3750","3870","74013200"
"2025-09-15","3890","4150","3880","4110","103303000"
"2025-09-16","4160","4230","4120","4190","83638300"
"2025-09-17","4200","4550","4200","4490","194431700"
"2025-09-18","4540","5250","4540","5150","220682400"
"2025-09-19","5175","5675","4970","5300","174129400"
"2025-09-22","5400","5600","5300","5475","96555800"
"2025-09-23","5675","6425","5450","6175","130532300"
"2025-09-24","6000","6975","5950","6475","210347400"
"2025-09-25","6475","6725","6100","6175","100440300"
"2025-09-26","6200","6800","6200","6650","72286500"
"2025-09-29","6850","7350","6750","6850","103372900"
"2025-09-30","6925","7025","6550","6775","61096100"
"2025-10-01","6800","6900","6600","6625","35053600"
"2025-10-02","6650","6950","6500","6750","40690300"
"2025-10-03","6750","7275","6750","7150","72184000"
"2025-10-07","7375","7650","7200","7275","130531200"
"2025-10-08","7375","7425","6750","7325","63677700"
"2025-10-09","7400","7500","6800","7075","52779900"
"2025-10-10","7100","7200","6900","7075","47718600"
"2025-10-13","6950","7325","6900","7050","60714900"
"2025-10-14","7250","7325","6000","6700","122711400"
"2025-10-15","6700","7075","6350","6700","73494000"
"2025-10-16","6900","7150","6825","7000","53577100"
"2025-10-17","7075","7100","6575","6650","80748000"
"2025-10-20","6900","7100","6700","6775","54061800"
"2025-10-21","6775","7100","6775","6875","45997300"
"2025-10-22","7075","7500","6800","7500","137188300"
"2025-10-23","7600","7750","7150","7250","104234900"
"2025-10-24","7250","7550","7125","7150","48095000"
"2025-10-27","7225","7375","6100","6475","357028400"
"2025-10-28","6575","6800","6175","6550","92052500"
"2025-10-29","6600","6950","6575","6950","54041600"
"2025-10-30","7000","7050","6800","6800","28305600"
"2025-10-31","6850","6950","6700","6800","26655800"
"2025-11-03","6800","7375","6800","7300","69127700"
"2025-11-04","7400","7750","7200","7300","139908200"
"2025-11-05","7250","7600","7125","7600","76693400"
"2025-11-06","8050","8125","7675","7925","118597100"
"2025-11-07","7950","8725","7900","8550","114080900"
"2025-11-10","8650","9050","8550","8800","80167200"
"2025-11-11","8800","8875","8500","8700","40530800"
"2025-11-12","8750","9075","8625","8800","43347600"
"2025-11-13","8950","9250","8825","9100","50682900"
"2025-11-14","9125","9250","8975","9025","28722300"
"2025-11-17","9025","9225","8925","9075","21574700"
"2025-11-18","9075","9075","8700","8750","32629100"
"2025-11-19","8750","9125","8750","8925","32515000"
"2025-11-20","8950","9075","8925","8950","14593300"
"2025-11-21","8925","8950","8800","8950","16033600"
"2025-11-24","9050","9825","8975","9825","103815300"
"2025-11-25","9825","10050","9525","9750","54413200"
"2025-11-26","9825","10050","9775","9825","37582500"
"2025-11-27","9950","10125","9900","9950","33059700"
"2025-11-28","9900","10050","9650","10000","40149800"
"2025-12-01","10100","10150","9925","10025","27897700"
"2025-12-02","10050","10500","10050","10225","43719200"
"2025-12-03","10275","10500","10225","10325","20071500"
"2025-12-04","10375","10450","10200","10375","18895000"
"2025-12-05","10375","10875","10375","10750","34024300"
"2025-12-08","10800","10850","10600","10775","25780300"
"2025-12-09","10775","10825","10100","10400","41691000"
"2025-12-10","10400","10500","10000","10025","37439900"
"2025-12-11","10500","11150","10250","11025","89726100"
"2025-12-12","11000","11250","10800","10950","28659500"
"2025-12-15","10925","11000","10225","10500","39582400"
"2025-12-16","10500","10775","10425","10725","15948300"
"2025-12-17","10775","10975","10650","10850","29059500"
"2025-12-18","10925","11225","10500","10850","52667900"
"2025-12-19","10900","10975","10650","10775","16957400"
"2025-12-22","10775","10850","10625","10700","10485300"
"2025-12-23","10700","10725","10475","10475","17254700"
"2025-12-24","10425","10650","10150","10450","37645200"
"2025-12-29","10500","10875","10500","10800","16662400"
"2025-12-30","10800","11100","10700","10925","28915600"
"2026-01-02","11000","11375","10950","11200","22826900"
"2026-01-05","11300","11350","11075","11150","22169100"
"2026-01-06","11325","12000","11250","11975","43194600"
"2026-01-07","12050","12450","11850","11875","34523700"
"2026-01-08","11925","12600","11900","12275","44383600"
"2026-01-09","12325","12400","11900","12050","31317700"
"2026-01-12","12100","12300","10250","11275","71817400"
"2026-01-13","11450","11575","11000","11525","44901000"
"2026-01-14","11800","12500","11475","12400","52733200"
"2026-01-15","12675","13000","12625","12900","56258500"
"2026-01-19","12900","12950","12750","12775","31569700"
"2026-01-20","12800","12850","12300","12725","62862100"
"2026-01-21","12600","12625","12075","12375","51654000"
"2026-01-22","12350","12350","10775","10775","132960900"
"2026-01-23","10225","10550","9175","9175","271195100"
"2026-01-26","8775","9350","8275","8325","198254900"
"2026-01-27","8350","8975","8350","8575","94807900"
"2026-01-28","7300","7300","7300","7300","24610400"
"2026-01-29","6225","8200","6225","7500","305409900"
"2026-01-30","7700","8075","6925","7050","113612500"
"2026-02-02","7075","7100","6000","6000","109633700"
"2026-02-03","5550","6375","5200","6150","161637400"
"2026-02-04","6175","6450","5825","6100","74999700"
"2026-02-05","6175","6750","6125","6125","93564700"
"2026-02-06","5900","6125","5525","5725","69893300"
"2026-02-09","5825","6050","5550","6025","53057200"
"2026-02-10","5875","6300","5875","5975","52422300"
"2026-02-11","6075","7150","6075","7125","235537400"
"2026-02-12","7300","7850","7150","7325","189801000"
"2026-02-13","7325","7625","7025","7450","88749800"
"2026-02-18","7700","8050","7500","7575","94072500"
"2026-02-19","7625","7700","7250","7325","61414900"
"2026-02-20","7350","7450","7050","7075","59855200"
"2026-02-23","7250","7375","7075","7125","57348600"
"2026-02-24","7175","7200","6500","6650","130424400"
"2026-02-25","6725","6850","6350","6775","82122500"
"2026-02-26","6825","6875","6125","6300","84240700"
"2026-02-27","6275","6375","5900","6125","106486100"
"2026-03-02","5725","6150","5625","6000","69686600"
"2026-03-03","6275","6375","5600","5825","95915100"
"2026-03-04","5725","5850","5175","5300","91357400"
"2026-03-05","5700","5750","5225","5225","76016400"
"2026-03-06","5200","5225","4890","4960","129856000"
"2026-03-09","4470","5350","4250","4990","153318900"
"2026-03-10","5325","5750","4950","5100","164815100"
"2026-03-11","5125","5275","4970","5000","60159000"
"2026-03-12","4960","5050","4680","4680","51567500"
"2026-03-13","4650","4710","4500","4530","67956700"
"2026-03-16","4530","4600","4260","4260","43745900"
"2026-03-17","4320","4600","4260","4320","62373200"
"2026-03-25","4420","4790","4330","4730","81344100"
"2026-03-26","4870","4930","4430","4440","56863900"
"2026-03-27","4440","4580","4400","4450","31604100"
"2026-03-30","4300","4600","4280","4590","68459000"
"2026-03-31","4590","4770","4440","4450","94006200"
"2026-04-01","4630","4740","4570","4610","62032600"
"2026-04-02","4540","4600","4300","4300","55959800"
"2026-04-06","4150","4470","4130","4440","62144800"
"2026-04-07","4480","4670","4360","4500","67849900"
"2026-04-08","4890","5450","4640","5225","147886600"
"2026-04-09","5050","5450","5000","5250","107321000"
"2026-04-10","5350","5750","5325","5375","116290400"
"2026-04-13","5250","6200","5200","6000","218470900"
"2026-04-14","6300","6800","6200","6650","217890400"
"2026-04-15","6825","6875","6350","6375","173646500"
"2026-04-16","6400","6575","6100","6250","105643600"
"2026-04-17","6300","6350","6125","6200","47100100"
"2026-04-20","6250","6350","5950","6075","50766900"
"2026-04-21","6025","6500","5900","6300","98619000"
"2026-04-22","6350","6550","6150","6250","65449000"
"2026-04-23","6275","6350","5975","6175","62695100"
"2026-04-24","6225","6275","5575","5600","105694400"
"2026-04-27","5600","5875","5225","5300","152929700"
"2026-04-28","5400","5700","5200","5500","128630300"
"2026-04-29","5550","5625","5325","5350","81544200"
"2026-04-30","5350","5350","4810","5050","115150100"
"2026-05-04","5150","5350","5050","5075","42242000"
"2026-05-05","5100","5900","4930","5900","151894700"
"2026-05-06","5950","6025","5625","5650","107243700"
"2026-05-07","5750","6125","5350","5475","150365500"
"2026-05-08","5500","5500","4980","5050","91539500"
"2026-05-11","5050","5200","4810","4920","85875700"
"2026-05-12","4950","5475","4870","5375","120828600"
"2026-05-13","5350","5550","5025","5025","81904900"
"2026-05-18","4950","5025","4690","4850","64500300"
"2026-05-19","4900","4970","4160","4320","86362600"
"2026-05-20","4290","4400","3700","4000","131794400"
"2026-05-21","4080","4130","3430","3460","110919200"
"2026-05-22","3450","3770","3170","3750","88602100"
"2026-05-25","3800","3880","3570","3580","51441000"
"2026-05-26","3580","4210","3580","3740","121014000"
"2026-05-29","3900","4670","3900","4670","243479600"
"2026-06-02","5200","5450","4680","4800","157065700"
"2026-06-03","4670","4720","4080","4110","122532400"
"2026-06-04","4110","4120","3580","3970","74481300"
"2026-06-05","4040","4180","3650","3650","64602300"
"2026-06-08","3550","3770","3340","3460","72179000"
"2026-06-09","3460","4300","3460","4220","114354400"
"2026-06-10","4310","4570","4090","4180","160017100"
"2026-06-11","4180","4350","3820","4010","57788600"
"2026-06-12","4150","4340","4150","4180","64705700"
"2026-06-15","4330","4790","4330","4450","112034300"
"2026-06-17","4490","4570","4140","4190","61233400"
"2026-06-18","4190","4350","4080","4330","30951100"
"2026-06-19","4350","4430","4260","4260","22569000"
"2026-06-22","4320","4340","4040","4040","21132400"
"2026-06-23","4020","4320","4000","4320","37843500"
"2026-06-24","4320","4450","3910","3920","39452800"
"2026-06-25","3920","4100","3860","4000","39812200"
"2026-06-26","4000","4050","3750","3870","28922400"
"2026-06-29","3880","3910","3770","3770","13862300"
"2026-06-30","3800","3830","3550","3710","24308000"
"2026-07-01","3710","3940","3610","3790","36132800"
"2026-07-02","3790","4010","3760","3830","37082500"
"2026-07-03","3880","3950","3850","3860","13904600"
"2026-07-06","3900","3990","3850","3950","18930900"
"2026-07-07","3980","4060","3940","4010","23184300"
"2026-07-08","3990","3990","3840","3840","14079100"
"2026-07-09","3840","3930","3830","3900","13467800"
"2026-07-10","3920","3950","3860","3870","14439500"
"2026-07-13","3880","3960","3860","3960","18087400"
"2026-07-14","3980","4070","3930","3950","40515600"
"2026-07-15","3990","4010","3950","3970","13210800"
"2026-07-16","4000","4170","3940","4080","34692900"
"2026-07-17","4110","4140","4050","4070","20742300"
"2026-07-20","4080","4150","4070","4120","20205700"
"2026-07-21","4140","4470","4100","4470","74662400"
"2026-07-22","4500","4900","4480","4690","121500700"
"2026-07-23","4690","5200","4680","4910","158682200"
"2026-07-24","4820","5000","4640","4660","86906200"
"2026-07-27","4660","4890","4560","4710","56831100"
"2026-07-28","4710","4820","4680","4680","33956900"
"2026-07-29","4680","4780","4420","4600","50174600"
"2026-07-30","4620","4720","4580","4620","22560100"
"2026-07-31","4710","4820","4690","4710","34302900"
"2026-08-03","4800","4840","4570","4570","31689400"
"2026-08-04","4630","4650","4570","4650","20850400"
"2026-08-05","4700","4800","4670","4750","26193800"
"2026-08-06","4810","5125","4800","5125","101457200"
"2026-08-07","5125","5225","5000","5125","45164800"
"2026-08-10","5150","5225","4970","5025","59650900"
"2026-08-11","5025","5100","4860","4930","45125600"
"2026-08-12","4990","5600","4970","5500","134783500"
"2026-08-13","5500","5500","5150","5200","82500600"
"2026-08-14","5200","5375","5150","5250","47522300"
"2026-08-18","5400","5525","5250","5300","40030600"
"2026-08-19","5275","5300","5150","5250","22672100"
"2026-08-20","5300","5350","5250","5250","17367700"
"2026-08-21","5250","5350","5200","5300","25500000"
